amino_acid,codon,relative_frequency
*,UAA,0.63
*,UAG,0.18
*,UGA,0.18
A,GCA,0.18
A,GCC,0.29
A,GCG,0.18
A,GCU,0.35
C,UGC,0.61
C,UGU,0.39
D,GAC,0.60
D,GAU,0.40
E,GAA,0.45
E,GAG,0.55
F,UUC,0.73
F,UUU,0.27
G,GGA,0.28
G,GGC,0.31
G,GGG,0.07
G,GGU,0.34
H,CAC,0.64
H,CAU,0.36
I,AUA,0.16
I,AUC,0.54
I,AUU,0.30
K,AAA,0.35
K,AAG,0.65
L,CUA,0.09
L,CUC,0.21
L,CUG,0.30
L,CUU,0.12
L,UUA,0.10
L,UUG,0.20
M,AUG,1.00
N,AAC,0.68
N,AAU,0.32
P,CCA,0.28
P,CCC,0.28
P,CCG,0.16
P,CCU,0.29
Q,CAA,0.43
Q,CAG,0.57
R,AGA,0.19
R,AGG,0.19
R,CGA,0.08
R,CGC,0.24
R,CGG,0.06
R,CGU,0.24
S,AGC,0.18
S,AGU,0.14
S,UCA,0.17
S,UCC,0.21
S,UCG,0.13
S,UCU,0.17
T,ACA,0.23
T,ACC,0.32
T,ACG,0.18
T,ACU,0.27
V,GUA,0.17
V,GUC,0.29
V,GUG,0.34
V,GUU,0.20
W,UGG,1.00
Y,UAC,0.71
Y,UAU,0.29
